"CTAB","COD","DESCRI","ALF1","ALF2","ALF3","ALF4","ALF5","ALF6","ALF7","ALF8","NUMSD1","NUMSD2","NUMSD3","NUMCD1","NUMCD2","NUMCD3","FECHA1","FECHA2","MCA1","MCA2","MCA3","USUARIO","FECACT"
"MT   ","3         ","DEV. PERC.IB","     ","     ","     ","     ","     ","     ","     ","     ","0","0","0","0.0000","0.0000","0.0000","1990-01-01","1990-01-01","0","0","0","          ","2009-04-29"
"VD   ","24        ","PURITA","     ","     ","     ","     ","     ","     ","     ","     ","24","0","0","0.0000","0.0000","0.0000","1990-01-01","1990-01-01","0","0","0","          ","2009-10-01"
"ZN   ","24        ","PURITA","     ","     ","     ","     ","     ","     ","     ","     ","0","0","0","0.0000","0.0000","0.0000","1990-01-01","1990-01-01","0","0","0","          ","2009-10-01"
"CV   ","14        ","30 DIAS FF","     ","     ","     ","     ","     ","     ","     ","     ","0","0","0","0.0000","0.0000","0.0000","1990-01-01","1990-01-01","0","0","0","          ","2010-05-11"
"CV   ","16        ","CONTADO ","     ","     ","     ","     ","     ","     ","     ","     ","0","0","0","0.0000","0.0000","0.0000","1990-01-01","1990-01-01","0","0","0","          ","2012-12-17"
"CV   ","17        ","DEPOSITO 50% - RESTO CH.30DIAS","     ","     ","     ","     ","     ","     ","     ","     ","0","0","0","0.0000","0.0000","0.0000","1990-01-01","1990-01-01","0","0","0","          ","2011-10-27"
"CV   ","18        ","CH/30 DS CONTRA ENTREGA","     ","     ","     ","     ","     ","     ","     ","     ","0","0","0","0.0000","0.0000","0.0000","1990-01-01","1990-01-01","0","0","0","          ","2011-11-21"
"CV   ","20        ","PAGO ANTICIPADO CH/30 DIAS","     ","     ","     ","     ","     ","     ","     ","     ","0","0","0","0.0000","0.0000","0.0000","1990-01-01","1990-01-01","0","0","0","          ","2012-03-15"
"VD   ","7         "," E RIOS EZEQUIEL","     ","     ","     ","     ","     ","     ","     ","     ","7","0","0","0.0000","0.0000","0.0000","1990-01-01","1990-01-01","0","0","0","          ","2017-12-19"
"VD   ","8         ","CHIURAZZI","     ","     ","     ","     ","     ","     ","     ","     ","8","0","0","0.0000","0.0000","0.0000","1990-01-01","1990-01-01","0","0","0","          ","2005-08-08"
"VD   ","9         ","BAMBA ROSARIO","     ","     ","     ","     ","     ","     ","     ","     ","9","0","0","0.0000","0.0000","0.0000","1990-01-01","1990-01-01","0","0","0","          ","2005-08-08"
"VD   ","10        ","ABRAHAM","     ","     ","     ","     ","     ","     ","     ","     ","10","0","0","0.0000","0.0000","0.0000","1990-01-01","1990-01-01","0","0","0","          ","2005-08-08"
"VD   ","11        ","BAMBA BS AS","     ","     ","     ","     ","     ","     ","     ","     ","11","0","0","0.0000","0.0000","0.0000","1990-01-01","1990-01-01","0","0","0","          ","2005-08-08"
"VD   ","12        ","GRASSO","     ","     ","     ","     ","     ","     ","     ","     ","12","0","0","0.0000","0.0000","0.0000","1990-01-01","1990-01-01","0","0","0","          ","2005-08-08"
"VD   ","13        ","LUQUE","     ","     ","     ","     ","     ","     ","     ","     ","13","0","0","0.0000","0.0000","0.0000","1990-01-01","1990-01-01","0","0","0","          ","2005-08-08"
"VD   ","14        ","AGUIRREZABALA","     ","     ","     ","     ","     ","     ","     ","     ","14","0","0","0.0000","0.0000","0.0000","1990-01-01","1990-01-01","0","0","0","          ","2005-08-08"
"VD   ","15        ","COSTA / BS.AS. MAURO","     ","     ","     ","     ","     ","     ","     ","     ","15","0","0","0.0000","0.0000","0.0000","1990-01-01","1990-01-01","0","0","0","          ","2017-06-26"
"MT   ","2         ","CHEQUE RECHAZADO","     ","     ","     ","     ","     ","     ","     ","     ","0","0","0","0.0000","0.0000","0.0000","1990-01-01","1990-01-01","0","0","0","          ","2005-08-17"
"SC   ","A         ","SECC. ""A""","NRO  ","     ","     ","     ","     ","     ","UNID ","     ","0","0","0","0.0000","0.0000","0.0000","1990-01-01","1990-01-01","1","1","0","          ","2005-08-09"
"SC   ","AA        ","SECC. DOBLE ""A""","NRO  ","     ","     ","     ","     ","     ","UNID ","     ","0","0","0","0.0000","0.0000","0.0000","1990-01-01","1990-01-01","1","1","0","          ","2005-08-09"
"SC   ","AV10      ","AV10","NRO  ","     ","     ","     ","     ","     ","UNID ","     ","0","0","0","0.0000","0.0000","0.0000","1990-01-01","1990-01-01","0","1","0","          ","2006-03-22"
"SC   ","AV13      ","AV13","NRO  ","     ","     ","     ","     ","     ","UNID ","     ","0","0","0","0.0000","0.0000","0.0000","1990-01-01","1990-01-01","0","1","0","          ","2006-03-22"
"SC   ","B         ","SECC. ""B""","NRO  ","     ","     ","     ","     ","     ","UNID ","     ","0","0","0","0.0000","0.0000","0.0000","1990-01-01","1990-01-01","1","1","0","          ","2005-08-09"
"SC   ","BAR       ","BARRERO","NRO  ","     ","     ","     ","     ","     ","MTRS ","     ","0","0","0","0.0000","0.0000","0.0000","1990-01-01","1990-01-01","0","1","0","          ","2005-08-09"
"SC   ","BB        ","SECC. DOBLE ""B""","NRO  ","     ","     ","     ","     ","     ","UNID ","     ","0","0","0","0.0000","0.0000","0.0000","1990-01-01","1990-01-01","1","1","0","          ","2005-08-09"
"SC   ","BL        "," BDE LAMINADO (THOR)","MILIM","     ","     ","TELAS","PULG ","     ","MTRS ","     ","0","0","0","0.0000","0.0000","0.0000","1990-01-01","1990-01-01","1","1","0","          ","2005-08-10"
"ZN   ","10        ","-10-","     ","     ","     ","     ","     ","     ","     ","     ","0","0","0","0.0000","0.0000","0.0000","1990-01-01","1990-01-01","0","0","0","          ","2005-07-27"
"ZN   ","11        ","-11-","     ","     ","     ","     ","     ","     ","     ","     ","0","0","0","0.0000","0.0000","0.0000","1990-01-01","1990-01-01","0","0","0","          ","2005-07-27"
"ZN   ","12        ","-12-","     ","     ","     ","     ","     ","     ","     ","     ","0","0","0","0.0000","0.0000","0.0000","1990-01-01","1990-01-01","0","0","0","          ","2005-07-27"
"ZN   ","13        ","-13-","     ","     ","     ","     ","     ","     ","     ","     ","0","0","0","0.0000","0.0000","0.0000","1990-01-01","1990-01-01","0","0","0","          ","2005-07-27"
"ZN   ","14        ","-14-","     ","     ","     ","     ","     ","     ","     ","     ","0","0","0","0.0000","0.0000","0.0000","1990-01-01","1990-01-01","0","0","0","          ","2005-07-27"
"ZN   ","15        ","COSTA / BS.AS. MAURO","     ","     ","     ","     ","     ","     ","     ","     ","0","0","0","0.0000","0.0000","0.0000","1990-01-01","1990-01-01","0","0","0","          ","2017-06-26"
"VD   ","1         ","FABRICA","     ","     ","     ","     ","     ","     ","     ","     ","1","0","0","3","3","0.0000","1990-01-01","1990-01-01","0","0","0","          ","2005-08-08"
"SC   ","C         ","SECC. ""C""","NRO  ","     ","     ","     ","     ","     ","UNID ","     ","0","0","0","0.0000","0.0000","0.0000","1990-01-01","1990-01-01","1","1","0","          ","2005-08-09"
"SC   ","CAA       ","CAÑO AGUA-AIRE","NRO  ","     ","     ","     ","     ","     ","UNID ","     ","0","0","0","0.0000","0.0000","0.0000","1990-01-01","1990-01-01","1","1","0","          ","2005-08-09"
"SC   ","CAC       ","CAÑO COMBUSTIBLE","NRO  ","     ","     ","     ","     ","     ","UNID ","     ","0","0","0","0.0000","0.0000","0.0000","1990-01-01","1990-01-01","1","1","0","          ","2005-08-09"
"SC   ","CC        ","SECC. DOBLE ""C""","NRO  ","     ","     ","     ","     ","     ","UNID ","     ","0","0","0","0.0000","0.0000","0.0000","1990-01-01","1990-01-01","1","1","0","          ","2005-08-09"
"SC   ","CT        ","CINTA TRANSPORTADORA","MM1  ","TELAS","     ","MM3  ","     ","     ","MTRS ","     ","0","0","0","0.0000","0.0000","0.0000","1990-01-01","1990-01-01","1","1","0","          ","2007-01-29"
"SC   ","D         ","SECC. ""D""","NRO  ","     ","     ","     ","     ","     ","UNID ","     ","0","0","0","0.0000","0.0000","0.0000","1990-01-01","1990-01-01","1","1","0","          ","2005-08-09"
"SC   ","E         ","SECC. ""E""","NRO  ","     ","     ","     ","     ","     ","UNID ","     ","0","0","0","0.0000","0.0000","0.0000","1990-01-01","1990-01-01","1","1","0","          ","2005-08-09"
"SC   ","GPN       ","GOMA PLANCHA NAT.","MM1  ","TELAS","     ","     ","     ","     ","KG   ","     ","0","0","0","0.0000","0.0000","0.0000","1990-01-01","1990-01-01","0","1","0","          ","2006-03-22"
"SC   ","GPS       ","GOMA PL. SINT.","MM1  ","TELAS","     ","     ","     ","     ","KG   ","     ","0","0","0","0.0000","0.0000","0.0000","1990-01-01","1990-01-01","0","1","0","          ","2011-08-18"
"SC   ","H10       ","H10","PULG3","     ","     ","     ","     ","     ","UNID ","     ","0","0","0","0.0000","0.0000","0.0000","1990-01-01","1990-01-01","1","1","0","          ","2006-11-25"
"SC   ","H12       ","H12","PULG3","     ","     ","     ","     ","     ","UNID ","     ","0","0","0","0.0000","0.0000","0.0000","1990-01-01","1990-01-01","1","1","0","          ","2006-11-25"
"CV   ","1         ","15 DIAS F/FACT.","     ","     ","     ","     ","     ","     ","     ","     ","0","0","15","0.0000","0.0000","0.0000","1990-01-01","1990-01-01","0","0","0","          ","2005-07-27"
"CV   ","4         ","CONTADO EFECTIVO","     ","     ","     ","     ","     ","     ","     ","     ","0","0","1","0.0000","0.0000","0.0000","1990-01-01","1990-01-01","0","0","0","          ","2011-10-13"
"CV   ","6         ","VALORES 30 DIAS","     ","     ","     ","     ","     ","     ","     ","     ","0","0","30","0.0000","0.0000","0.0000","1990-01-01","1990-01-01","0","0","0","          ","2005-07-27"
"CV   ","8         ","DOC. 30/60/90","     ","     ","     ","     ","     ","     ","     ","     ","0","0","30","0.0000","0.0000","0.0000","1990-01-01","1990-01-01","0","0","0","          ","2005-07-27"
"ZN   ","1         ","A1","     ","     ","     ","     ",,,,,"0","0","0","0.0000","0.0000","0.0000","1990-01-01","1990-01-01","0","0","0","clever    ","2004-08-20"
"MT   ","1         ","DEV.MERC.","     ","     ","     ","     ",,,,,"0","0","0","0.0000","0.0000","0.0000","1990-01-01","1990-01-01","0","0","0","clever    ","2004-08-20"
"CV   ","2         ","CONTADO 5 DIAS","     ","     ","     ","     ","     ","     ","     ","     ","0","0","5","0.0000","0.0000","0.0000","1990-01-01","1990-01-01","0","0","0","          ","2005-07-27"
"CV   ","5         ","VALORES 30/60 DIAS","     ","     ","     ","     ","     ","     ","     ","     ","0","0","30","0.0000","0.0000","0.0000","1990-01-01","1990-01-01","0","0","0","          ","2005-07-27"
"CV   ","7         ","DOLAR BILLETE","     ","     ","     ","     ","     ","     ","     ","     ","0","0","30","0.0000","0.0000","0.0000","1990-01-01","1990-01-01","0","0","0","          ","2005-07-27"
"CV   ","9         ","ANTICIPO 50% EFVO-SALDO CH C/ENTR.30 DS","     ","     ","     ","     ","     ","     ","     ","     ","0","0","45","0.0000","0.0000","0.0000","1990-01-01","1990-01-01","0","0","0","          ","2011-10-12"
"PV   ","1         ","CF","H    ","     ","     ","     ",,,,,"0","0","0","0.0000","0.0000","0.0000","1990-01-01","1990-01-01","0","0","0","clever    ","2004-08-20"
"VS   ","1         ","TRES","     ","     ","     ","     ",,,,,"0","0","0","0.0000","0.0000","0.0000","1990-01-01","1990-01-01","0","0","0","clever    ","2004-08-20"
"VD   ","2         ","FABRICA","     ","     ","     ","     ","     ","     ","     ","     ","2","0","0","0.0000","0.0000","0.0000","1990-01-01","1990-01-01","0","0","0","          ","2005-08-08"
"SC   ","H15       ","H15","PULG3","     ","     ","     ","     ","     ","UNID ","     ","0","0","0","0.0000","0.0000","0.0000","1990-01-01","1990-01-01","1","1","0","          ","2006-11-25"
"SC   ","H2        ","H2","PULG3","     ","     ","     ","     ","     ","UNID ","     ","0","0","0","0.0000","0.0000","0.0000","1990-01-01","1990-01-01","1","1","0","          ","2006-10-22"
"SC   ","H4        ","H4","PULG3","     ","     ","     ","     ","     ","UNID ","     ","0","0","0","0.0000","0.0000","0.0000","1990-01-01","1990-01-01","1","1","0","          ","2006-11-25"
"SC   ","H6        ","H6","PULG3","     ","     ","     ","     ","     ","UNID ","     ","0","0","0","0.0000","0.0000","0.0000","1990-01-01","1990-01-01","1","1","0","          ","2006-11-25"
"SC   ","H8        ","H8","PULG3","     ","     ","     ","     ","     ","UNID ","     ","0","0","0","0.0000","0.0000","0.0000","1990-01-01","1990-01-01","1","1","0","          ","2006-11-25"
"VD   ","3         ","EZEQUIEL RUTA 5","     ","     ","     ","     ","     ","     ","     ","     ","3","0","0","0.0000","0.0000","0.0000","1990-01-01","1990-01-01","0","0","0","          ","2017-06-09"
"ZN   ","2         ","-2-","     ","     ","     ","     ","     ","     ","     ","     ","0","0","0","0.0000","0.0000","0.0000","1990-01-01","1990-01-01","0","0","0","          ","2005-07-27"
"ZN   ","3         ","EZEQUIEL RUTA 5","     ","     ","     ","     ","     ","     ","     ","     ","0","0","0","0.0000","0.0000","0.0000","1990-01-01","1990-01-01","0","0","0","          ","2017-06-09"
"ZN   ","4         ","COSTA FABRICA","     ","     ","     ","     ","     ","     ","     ","     ","0","0","0","0.0000","0.0000","0.0000","1990-01-01","1990-01-01","0","0","0","          ","2017-06-09"
"ZN   ","5         ","-5-","     ","     ","     ","     ","     ","     ","     ","     ","0","0","0","0.0000","0.0000","0.0000","1990-01-01","1990-01-01","0","0","0","          ","2005-07-27"
"ZN   ","6         ","EZEQUIEL RUTA 7 Y 8","     ","     ","     ","     ","     ","     ","     ","     ","0","0","0","0.0000","0.0000","0.0000","1990-01-01","1990-01-01","0","0","0","          ","2017-06-09"
"ZN   ","7         ","E. RIOS EZEQUIEL","     ","     ","     ","     ","     ","     ","     ","     ","0","0","0","0.0000","0.0000","0.0000","1990-01-01","1990-01-01","0","0","0","          ","2017-12-19"
"ZN   ","8         ","-8-","     ","     ","     ","     ","     ","     ","     ","     ","0","0","0","0.0000","0.0000","0.0000","1990-01-01","1990-01-01","0","0","0","          ","2005-07-27"
"ZN   ","9         ","-9-","     ","     ","     ","     ","     ","     ","     ","     ","0","0","0","0.0000","0.0000","0.0000","1990-01-01","1990-01-01","0","0","0","          ","2005-07-27"
"VD   ","4         ","COSTA FABRICA","     ","     ","     ","     ","     ","     ","     ","     ","4","0","0","0.0000","0.0000","0.0000","1990-01-01","1990-01-01","0","0","0","          ","2017-06-09"
"VD   ","5         ","OZCARIZ","     ","     ","     ","     ","     ","     ","     ","     ","5","0","0","0.0000","0.0000","0.0000","1990-01-01","1990-01-01","0","0","0","          ","2005-08-08"
"VD   ","6         ","EZEQUIEL R7 Y 8","     ","     ","     ","     ","     ","     ","     ","     ","6","0","0","0.0000","0.0000","0.0000","1990-01-01","1990-01-01","0","0","0","          ","2017-06-09"
"SC   ","HL        ","LONA HILERADORA","TELAS","     ","     ","     ","     ","     ","MTRS ","     ","0","0","0","0.0000","0.0000","0.0000","1990-01-01","1990-01-01","1","1","0","          ","2006-10-22"
"SC   ","MFP       ","MANGUERA FULL PRESS","NRO  ","     ","     ","     ","     ","     ","UNID ","     ","0","0","0","0.0000","0.0000","0.0000","1990-01-01","1990-01-01","1","1","0","          ","2006-03-22"
"SC   ","MHR1      ","MANG. HIDR. R1","NRO  ","     ","     ","     ","     ","     ","MTRS ","     ","0","0","0","0.0000","0.0000","0.0000","1990-01-01","1990-01-01","0","1","0","          ","2006-11-25"
"SC   ","MHR12     ","MANG. HIDR. R12","NRO  ","     ","     ","     ","     ","     ","MTRS ","     ","0","0","0","0.0000","0.0000","0.0000","1990-01-01","1990-01-01","0","1","0","          ","2006-11-25"
"SC   ","MHR2      ","MANG. HIDR. R2","NRO  ","     ","     ","     ","     ","     ","MTRS ","     ","0","0","0","0.0000","0.0000","0.0000","1990-01-01","1990-01-01","0","1","0","          ","2006-11-25"
"SC   ","MOL       ","MOLDEADO DE CAUCHO","NRO  ","     ","     ","     ","     ","     ","UNID ","     ","0","0","0","0.0000","0.0000","0.0000","1990-01-01","1990-01-01","1","1","0","          ","2006-03-22"
"ZN   ","20        ","IRENE","     ","     ","     ","     ","     ","     ","     ","     ","0","0","0","0.0000","0.0000","0.0000","1990-01-01","1990-01-01","0","0","0","          ","2006-10-12"
"VD   ","20        ","IRENE","     ","     ","     ","     ","     ","     ","     ","     ","20","0","0","0.0000","0.0000","0.0000","1990-01-01","1990-01-01","0","0","0","          ","2006-10-12"
"SC   ","MOP       ","MANGUERA OIL PRESS","NRO  ","     ","     ","     ","     ","     ","UNID ","     ","0","0","0","0.0000","0.0000","0.0000","1990-01-01","1990-01-01","1","1","0","          ","2006-03-22"
"SC   ","O         ","SECC. ""O""","NRO  ","     ","     ","     ","     ","     ","UNID ","     ","0","0","0","0.0000","0.0000","0.0000","1990-01-01","1990-01-01","1","1","0","          ","2005-08-09"
"SC   ","PISO      ","PISO DE GOMA","NRO  ","     ","     ","     ","     ","     ","MTRS ","     ","0","0","0","0.0000","0.0000","0.0000","1990-01-01","1990-01-01","0","1","0","          ","2005-08-09"
"SC   ","PL        ","PLAYLON","MILIM","TELAS","     ","PULG ","     ","     ","MTRS ","     ","0","0","0","0.0000","0.0000","0.0000","1990-01-01","1990-01-01","1","1","0","          ","2005-08-16"
"SC   ","SF        ","SIN FIN","TELAS","     ","     ","PULG2","MTRS3","     ","UNID ","     ","0","0","0","0.0000","0.0000","0.0000","1990-01-01","1990-01-01","1","1","0","          ","2005-08-09"
"UM   ","KG        ","KILOS","     ","     ","     ","     ","     ","     ","     ","     ","2","0","2","0.0000","0.0000","0.0000","1990-01-01","1990-01-01","0","0","0","          ","2005-08-04"
"UM   ","MILIM     ","MM","     ","     ","     ","     ","     ","     ","     ","     ","1","0","3","0.0000","0.0000","0.0000","1990-01-01","1990-01-01","0","0","0","          ","2005-07-27"
"UM   ","MM1       ","MM","     ","     ","     ","     ","     ","     ","     ","     ","2","1","3","0.0000","0.0000","0.0000","1990-01-01","1990-01-01","0","0","0","          ","2005-09-27"
"UM   ","MM2       ","MM","     ","     ","     ","     ","     ","     ","     ","     ","1","2","3","0.0000","0.0000","0.0000","1990-01-01","1990-01-01","0","0","0","          ","2006-10-23"
"UM   ","MTRS      ","MTRS","     ","     ","     ","     ","     ","     ","     ","     ","3","0","2","0.0000","0.0000","0.0000","1990-01-01","1990-01-01","0","0","0","          ","2005-07-27"
"UM   ","MTRS2     ","MTRS","     ","     ","     ","     ","     ","     ","     ","     ","2","2","2","0.0000","0.0000","0.0000","1990-01-01","1990-01-01","0","0","0","          ","2005-07-27"
"UM   ","MTRS3     ","MTRS","     ","     ","     ","     ","     ","     ","     ","     ","2","3","2","0.0000","0.0000","0.0000","1990-01-01","1990-01-01","0","0","0","          ","2005-07-27"
"UM   ","NRO       ","","     ","     ","     ","     ","     ","     ","     ","     ","5","0","1","0.0000","0.0000","0.0000","1990-01-01","1990-01-01","0","0","0","          ","2005-08-10"
"UM   ","PULG      ","PULG","     ","     ","     ","     ","     ","     ","     ","     ","2","0","1","0.0000","0.0000","0.0000","1990-01-01","1990-01-01","0","0","0","          ","2005-07-27"
"UM   ","PULG2     ","PULG","     ","     ","     ","     ","     ","     ","     ","     ","2","1","1","0.0000","0.0000","0.0000","1990-01-01","1990-01-01","0","0","0","          ","2005-07-27"
"UM   ","PULG3     ","PULG","     ","     ","     ","     ","     ","     ","     ","     ","3","1","2","0.0000","0.0000","0.0000","1990-01-01","1990-01-01","0","0","0","          ","2006-10-22"
"UM   ","TELA2     ","TELAS","     ","     ","     ","     ","     ","     ","     ","     ","2","0","4","0.0000","0.0000","0.0000","1990-01-01","1990-01-01","0","0","0","          ","2005-07-27"
"UM   ","TELAS     ","TELAS","     ","     ","     ","     ",,,,,"1","0","4","0.0000","0.0000","0.0000","1990-01-01","1990-01-01","0","0","0","clever    ","2004-08-20"
"UM   ","UNID      ","UNID","     ","     ","     ","     ","     ","     ","     ","     ","8","0","6","0.0000","0.0000","0.0000","1990-01-01","1990-01-01","0","0","0","          ","2005-07-27"
"UM   ","MM3       ","MM","     ","     ","     ","     ","     ","     ","     ","     ","3","0","1","0.0000","0.0000","0.0000","1990-01-01","1990-01-01","0","0","0","          ","2007-01-29"
"SC   ","AV11      ","AV11","NRO  ","     ","     ","     ","     ","     ","UNID ","     ","0","0","0","0.0000","0.0000","0.0000","1990-01-01","1990-01-01","0","1","0","          ","2007-05-08"
"SC   ","AC        ","ACARREADOR","MTRS ","     ","     ","     ","     ","     ","MTRS ","     ","0","0","0","0.0000","0.0000","0.0000","1990-01-01","1990-01-01","0","1","0","          ","2007-05-11"
"VD   ","19        ","POSIDENTE","     ","     ","     ","     ","     ","     ","     ","     ","19","0","0","0.0000","0.0000","0.0000","1990-01-01","1990-01-01","0","0","0","          ","2007-05-11"
"ZN   ","19        ","POSIDENTE","     ","     ","     ","     ","     ","     ","     ","     ","0","0","0","0.0000","0.0000","0.0000","1990-01-01","1990-01-01","0","0","0","          ","2007-05-11"
"CV   ","10        ","CH45/120/150/180","     ","     ","     ","     ","     ","     ","     ","     ","0","0","10","0.0000","0.0000","0.0000","1990-01-01","1990-01-01","0","0","0","          ","2007-05-23"
"CV   ","11        ","CONTADO CHEQUE","     ","     ","     ","     ","     ","     ","     ","     ","0","0","0","0.0000","0.0000","0.0000","1990-01-01","1990-01-01","0","0","0","          ","2007-05-23"
"VD   ","21        ","MELIN","     ","     ","     ","     ","     ","     ","     ","     ","21","0","0","0.0000","0.0000","0.0000","1990-01-01","1990-01-01","0","0","0","          ","2007-12-03"
"ZN   ","21        ","MELIN","     ","     ","     ","     ","     ","     ","     ","     ","0","0","0","0.0000","0.0000","0.0000","1990-01-01","1990-01-01","0","0","0","          ","2007-12-03"
"CV   ","12        ","VAL.30/60/90/120/150/180/210/240","     ","     ","     ","     ","     ","     ","     ","     ","0","0","0","0.0000","0.0000","0.0000","1990-01-01","1990-01-01","0","0","0","          ","2007-12-05"
"VD   ","22        ","JAVIER LUQUE","     ","     ","     ","     ","     ","     ","     ","     ","22","0","0","0.0000","0.0000","0.0000","1990-01-01","1990-01-01","0","0","0","          ","2008-03-13"
"ZN   ","22        ","JAVIER LUQUE","     ","     ","     ","     ","     ","     ","     ","     ","0","0","0","0.0000","0.0000","0.0000","1990-01-01","1990-01-01","0","0","0","          ","2008-03-13"
"SC   ","MSAN      ","MANGUERA SANITARIA","NRO  ","     ","     ","     ","     ","     ","UNID ","     ","0","0","0","0.0000","0.0000","0.0000","1990-01-01","1990-01-01","1","1","0","          ","2008-04-17"
"VD   ","23        ","ELIO ALLEVATO","     ","     ","     ","     ","     ","     ","     ","     ","23","0","0","0.0000","0.0000","0.0000","1990-01-01","1990-01-01","0","0","0","          ","2008-06-20"
"ZN   ","23        ","ELIO ALLEVATO","     ","     ","     ","     ","     ","     ","     ","     ","0","0","0","0.0000","0.0000","0.0000","1990-01-01","1990-01-01","0","0","0","          ","2008-06-20"
"CV   ","13        ","VAL. 30/60/90/120","     ","     ","     ","     ","     ","     ","     ","     ","0","0","0","0.0000","0.0000","0.0000","1990-01-01","1990-01-01","0","0","0","          ","2008-07-23"
"CV   ","21        ","50% CONTRA O/COMPRA 50% AL DESPACHAR","     ","     ","     ","     ","     ","     ","     ","     ","0","0","0","0.0000","0.0000","0.0000","1990-01-01","1990-01-01","0","0","0","          ","2012-08-07"
"CV   ","22        ","50%CON O/COMPRA 50% CH30/60 DS C/ENTREGA","     ","     ","     ","     ","     ","     ","     ","     ","0","0","0","0.0000","0.0000","0.0000","1990-01-01","1990-01-01","0","0","0","          ","2013-03-11"
"CV   ","23        ","CHEQUES 30/60/90 DIAS","     ","     ","     ","     ","     ","     ","     ","     ","0","0","0","0.0000","0.0000","0.0000","1990-01-01","1990-01-01","0","0","0","          ","2014-02-03"
"CV   ","24        ","ANTICIPO 100 % CHEQUE PROPIO","     ","     ","     ","     ","     ","     ","     ","     ","0","0","0","0.0000","0.0000","0.0000","1990-01-01","1990-01-01","0","0","0","          ","2014-03-27"
"CV   ","25        ","AD50%CH30/60/90/120 RES CH30/60/90/120","     ","     ","     ","     ","     ","     ","     ","     ","0","0","0","0.0000","0.0000","0.0000","1990-01-01","1990-01-01","0","0","0","          ","2014-09-09"
"CV   ","26        ","30% SEÑA, RESTO CH.30/60 C/ENTREGA","     ","     ","     ","     ","     ","     ","     ","     ","0","0","0","0.0000","0.0000","0.0000","1990-01-01","1990-01-01","0","0","0","          ","2014-10-09"
"VD   ","26        ","CENTRAL","     ","     ","     ","     ","     ","     ","     ","     ","0","0","0","0.0000","0.0000","0.0000","1990-01-01","1990-01-01","0","0","0","          ","2014-11-03"
"ZN   ","26        ","CENTRAL","     ","     ","     ","     ","     ","     ","     ","     ","0","0","0","0.0000","0.0000","0.0000","1990-01-01","1990-01-01","0","0","0","          ","2014-11-03"
"CV   ","27        ","CHEQUE PAGO DIFERIDO 90 DS FF CONTRA ENTREGA","     ","     ","     ","     ","     ","     ","     ","     ","0","0","0","0.0000","0.0000","0.0000","1990-01-01","1990-01-01","0","0","0","          ","2015-03-12"
"CV   ","28        ","50 % ANTICIPO CPD15 FF-SALDO C/CPD 7 FF","     ","     ","     ","     ","     ","     ","     ","     ","0","0","0","0.0000","0.0000","0.0000","1990-01-01","1990-01-01","0","0","0","          ","2022-07-27"
"CV   ","30        ","50% ANTICIPADO-SALDO CONTRAENTREGA","     ","     ","     ","     ","     ","     ","     ","     ","0","0","0","0.0000","0.0000","0.0000","1990-01-01","1990-01-01","0","0","0","          ","2015-04-01"
"VD   ","27        ","LUQUE JOSE MARIA","     ","     ","     ","     ","     ","     ","     ","     ","0","0","0","0.0000","0.0000","0.0000","1990-01-01","1990-01-01","0","0","0","          ","2015-04-01"
"ZN   ","27        ","LUQUE JOSE MARIA","     ","     ","     ","     ","     ","     ","     ","     ","0","0","0","0.0000","0.0000","0.0000","1990-01-01","1990-01-01","0","0","0","          ","2015-04-01"
"CV   ","31        ","CONTRAENTREGA CH.30/60/90","     ","     ","     ","     ","     ","     ","     ","     ","0","0","0","0.0000","0.0000","0.0000","1990-01-01","1990-01-01","0","0","0","          ","2015-08-04"
"VD   ","28        ","LUQUE GIMENEZ","     ","     ","     ","     ","     ","     ","     ","     ","28","0","0","0.0000","0.0000","0.0000","1990-01-01","1990-01-01","0","0","0","          ","2016-04-25"
"ZN   ","28        ","LUQUE GIMENEZ","     ","     ","     ","     ","     ","     ","     ","     ","0","0","0","0.0000","0.0000","0.0000","1990-01-01","1990-01-01","0","0","0","          ","2016-04-25"
"SC   ","MPUL      ","MANG.PULVER.PVC","NRO  ","     ","     ","     ","     ","     ","UNID ","     ","0","0","0","0.0000","0.0000","0.0000","1990-01-01","1990-01-01","1","1","0","          ","2016-08-17"
"SC   ","MPLA      ","MANGA PLANA AZUL","NRO  ","     ","     ","     ","     ","     ","UNID ","     ","0","0","0","0.0000","0.0000","0.0000","1990-01-01","1990-01-01","1","1","0","          ","2018-08-03"
"CV   ","33        ","A LOS 20 DS.ENTREGA CH.DIFER.90 DS.F/F","     ","     ","     ","     ","     ","     ","     ","     ","0","0","0","0.0000","0.0000","0.0000","1990-01-01","1990-01-01","0","0","0","          ","2017-04-11"
"CV   ","34        ","90 DS DE APROB. FC C/ENTREGA CH DIF A 30","     ","     ","     ","     ","     ","     ","     ","     ","0","0","0","0.0000","0.0000","0.0000","1990-01-01","1990-01-01","0","0","0","          ","2024-10-03"
"ZN   ","18        ","LUQUE CH/FORM/E.RIOS/STAFE","     ","     ","     ","     ","     ","     ","     ","     ","0","0","0","0.0000","0.0000","0.0000","1990-01-01","1990-01-01","0","0","0","          ","2017-06-16"
"VD   ","18        ","LUQUE CH/FORM/E.RIOS/STAFE","     ","     ","     ","     ","     ","     ","     ","     ","0","0","0","0.0000","0.0000","0.0000","1990-01-01","1990-01-01","0","0","0","          ","2017-06-16"
"VD   ","16        ","SANTA FE FABIO","     ","     ","     ","     ","     ","     ","     ","     ","0","0","0","0.0000","0.0000","0.0000","1990-01-01","1990-01-01","0","0","0","          ","2017-06-09"
"ZN   ","16        ","SANTA FE FABIO","     ","     ","     ","     ","     ","     ","     ","     ","0","0","0","0.0000","0.0000","0.0000","1990-01-01","1990-01-01","0","0","0","          ","2017-06-09"
"VD   ","25        ","STA FE OGGIER","     ","     ","     ","     ","     ","     ","     ","     ","0","0","0","0.0000","0.0000","0.0000","1990-01-01","1990-01-01","0","0","0","          ","2018-04-26"
"ZN   ","25        ","SANTA FE OGGIER","     ","     ","     ","     ","     ","     ","     ","     ","0","0","0","0.0000","0.0000","0.0000","1990-01-01","1990-01-01","0","0","0","          ","2018-04-26"
"CV   ","35        ","40%SEñA-RESTO CONTRAENT.CH 30/60","     ","     ","     ","     ","     ","     ","     ","     ","0","0","0","0.0000","0.0000","0.0000","1990-01-01","1990-01-01","0","0","0","          ","2017-07-31"
"CV   ","36        ","VAL30-60-90-120-150-180","     ","     ","     ","     ","     ","     ","     ","     ","0","0","0","0.0000","0.0000","0.0000","1990-01-01","1990-01-01","0","0","0","          ","2017-09-07"
"CV   ","40        ","60 DS. FECHA FC","     ","     ","     ","     ","     ","     ","     ","     ","0","0","0","0.0000","0.0000","0.0000","1990-01-01","1990-01-01","0","0","0","          ","2018-01-31"
"SC   ","MAGUA     ","MANG. AGUA 5 KGS","NRO  ","     ","     ","     ","     ","     ","UNID ","     ","0","0","0","0.0000","0.0000","0.0000","1990-01-01","1990-01-01","1","1","0","          ","2018-05-07"
"SC   ","MTRAN     ","MANG.TRANSP.20KGS.","NRO  ","     ","     ","     ","     ","     ","UNID ","     ","0","0","0","0.0000","0.0000","0.0000","1990-01-01","1990-01-01","1","1","0","          ","2018-05-07"
"SC   ","MROJO     ","MANG. ROJA 20 KGS.","NRO  ","     ","     ","     ","     ","     ","UNID ","     ","0","0","0","0.0000","0.0000","0.0000","1990-01-01","1990-01-01","1","1","0","          ","2018-05-07"
"CV   ","37        ","CH/PROPIO 30/60 DS.CONTRAENTREGA MATERIAL","     ","     ","     ","     ","     ","     ","     ","     ","0","0","0","0.0000","0.0000","0.0000","1990-01-01","1990-01-01","0","0","0","          ","2018-05-15"
"SC   ","MALTA     ","MANG.ALTA PRESION","NRO  ","     ","     ","     ","     ","     ","UNID ","     ","0","0","0","0.0000","0.0000","0.0000","1990-01-01","1990-01-01","1","1","0","          ","2018-06-18"
"SC   ","MRIE      ","MANG.RIEGO AZUL","NRO  ","     ","     ","     ","     ","     ","UNID ","     ","0","0","0","0.0000","0.0000","0.0000","1990-01-01","1990-01-01","1","1","0","          ","2018-08-03"
"SC   ","MALAM     ","M.C/ALAMBRE TRANS.","NRO  ","     ","     ","     ","     ","     ","UNID ","     ","0","0","0","0.0000","0.0000","0.0000","1990-01-01","1990-01-01","1","1","0","          ","2018-08-03"
"SC   ","MFP10     ","MANG.FULL PRESS 10","NRO  ","     ","     ","     ","     ","     ","UNID ","     ","0","0","0","0.0000","0.0000","0.0000","1990-01-01","1990-01-01","1","1","0","          ","2018-08-28"
"CV   ","39        ","7 DíAS F/F","     ","     ","     ","     ","     ","     ","     ","     ","0","0","0","0.0000","0.0000","0.0000","1990-01-01","1990-01-01","0","0","0","          ","2018-10-03"
"SC   ","MOP10     ","MANG.OIL PRESS 10","NRO  ","     ","     ","     ","     ","     ","UNID ","     ","0","0","0","0.0000","0.0000","0.0000","1990-01-01","1990-01-01","1","1","0","          ","2018-10-03"
"SC   ","MAMAR     ","MANG.AMARILLA","NRO  ","     ","     ","     ","     ","     ","UNID ","     ","0","0","0","0.0000","0.0000","0.0000","1990-01-01","1990-01-01","1","1","0","          ","2018-10-25"
"SC   ","MAREN     ","MANG.ARENA","NRO  ","     ","     ","     ","     ","     ","UNID ","     ","0","0","0","0.0000","0.0000","0.0000","1990-01-01","1990-01-01","1","1","0","          ","2018-10-25"
"SC   ","CAGRI     ","CAñO AGRIFLEX","NRO  ","     ","     ","     ","     ","     ","UNID ","     ","0","0","0","0.0000","0.0000","0.0000","1990-01-01","1990-01-01","1","1","0","          ","2018-12-06"
"CV   ","45        ","CH/ANT. CON/ENTREGA 45 DS FF","     ","     ","     ","     ","     ","     ","     ","     ","0","0","0","0.0000","0.0000","0.0000","1990-01-01","1990-01-01","0","0","0","          ","2019-04-12"
"CV   ","41        ","CHEQUE ANTICIPADO 7/30/60 DIAS","     ","     ","     ","     ","     ","     ","     ","     ","0","0","0","0.0000","0.0000","0.0000","1990-01-01","1990-01-01","0","0","0","          ","2019-07-19"
"CV   ","42        ","CONTADO ANTICIPADO C/TRANSF","     ","     ","     ","     ","     ","     ","     ","     ","0","0","0","0.0000","0.0000","0.0000","1990-01-01","1990-01-01","0","0","0","          ","2022-10-19"
"SC   ","AV17      ","AV17","NRO  ","     ","     ","     ","     ","     ","UNID ","     ","0","0","0","0.0000","0.0000","0.0000","1990-01-01","1990-01-01","0","1","0","          ","2019-09-11"
"SC   ","REJ       ","REJILLA C/CUARZO","NRO  ","     ","     ","     ","     ","     ","UNID ","     ","0","0","0","0.0000","0.0000","0.0000","1990-01-01","1990-01-01","0","1","0","          ","2021-06-02"
"SC   ","CORTN     ","CORTINA TEMP.NORMAL","NRO  ","     ","     ","     ","     ","     ","UNID ","     ","0","0","0","0.0000","0.0000","0.0000","1990-01-01","1990-01-01","1","1","0","          ","2019-11-13"
"SC   ","CORBT     ","CORTINA BAJA TEMP.","NRO  ","     ","     ","     ","     ","     ","UNID ","     ","0","0","0","0.0000","0.0000","0.0000","1990-01-01","1990-01-01","1","1","0","          ","2019-11-13"
"CV   ","46        ","PAGO ANTIC.0/30/60/90","     ","     ","     ","     ","     ","     ","     ","     ","0","0","0","0.0000","0.0000","0.0000","1990-01-01","1990-01-01","0","0","0","          ","2020-09-22"
"MT   ","4         ","BAJA POR INCOBRABLE","     ","     ","     ","     ","     ","     ","     ","     ","0","0","0","0.0000","0.0000","0.0000","1990-01-01","1990-01-01","0","0","0","          ","2020-10-30"
"CV   ","50        ","50%AD.TRAN.BANC.50%TR.BANC.PREVIA ENTREGA","     ","     ","     ","     ","     ","     ","     ","     ","0","0","0","0.0000","0.0000","0.0000","1990-01-01","1990-01-01","0","0","0","          ","2022-06-14"
"VD   ","30        ","FEBBRONI","     ","     ","     ","     ","     ","     ","     ","     ","30","0","0","0.0000","0.0000","0.0000","1990-01-01","1990-01-01","0","0","0","          ","2021-03-11"
"ZN   ","30        ","FEBBRONI","     ","     ","     ","     ","     ","     ","     ","     ","0","0","0","0.0000","0.0000","0.0000","1990-01-01","1990-01-01","0","0","0","          ","2021-03-11"
"SC   ","MMULT     ","MANG.MULTIPROPOSITO","NRO  ","     ","     ","     ","     ","     ","UNID ","     ","0","0","0","0.0000","0.0000","0.0000","1990-01-01","1990-01-01","1","1","0","          ","2021-06-02"
"SC   ","CARPV     ","CARP.PVC 2000MM","NRO  ","     ","     ","     ","     ","     ","UNID ","     ","0","0","0","0.0000","0.0000","0.0000","1990-01-01","1990-01-01","0","1","0","          ","2021-06-02"
"CV   ","47        ","ANT20% RESTO E-CH30/60/90","     ","     ","     ","     ","     ","     ","     ","     ","0","0","0","0.0000","0.0000","0.0000","1990-01-01","1990-01-01","0","0","0","          ","2021-06-08"
"CV   ","51        ","TRANSFERENCIA PREVIA","     ","     ","     ","     ","     ","     ","     ","     ","0","0","0","0.0000","0.0000","0.0000","1990-01-01","1990-01-01","0","0","0","          ","2021-07-05"
"CV   ","52        ","CHEQUES ELECTRONICOS","     ","     ","     ","     ","     ","     ","     ","     ","0","0","0","0.0000","0.0000","0.0000","1990-01-01","1990-01-01","0","0","0","          ","2021-07-26"
"CV   ","53        ","120 DS. F/RECEPCIÓN Y APROB FACTURA","     ","     ","     ","     ","     ","     ","     ","     ","0","0","0","0.0000","0.0000","0.0000","1990-01-01","1990-01-01","0","0","0","          ","2021-08-03"
"CV   ","54        ","30 DIAS APROB.FACTURA","     ","     ","     ","     ","     ","     ","     ","     ","0","0","0","0.0000","0.0000","0.0000","1990-01-01","1990-01-01","0","0","0","          ","2022-03-29"
"VD   ","31        ","VALERIA","     ","     ","     ","     ","     ","     ","     ","     ","0","0","0","0.0000","0.0000","0.0000","1990-01-01","1990-01-01","0","0","0","          ","2022-05-03"
"ZN   ","31        ","VALERIA","     ","     ","     ","     ","     ","     ","     ","     ","0","0","0","0.0000","0.0000","0.0000","1990-01-01","1990-01-01","0","0","0","          ","2022-05-03"
"CV   ","55        ","50% CON OC Y SALDO CONTRA ENTREGA","     ","     ","     ","     ","     ","     ","     ","     ","0","0","0","0.0000","0.0000","0.0000","1990-01-01","1990-01-01","0","0","0","          ","2022-09-01"
"CV   ","57        ","CPD 30/45 DS CONTRAENTREGA","     ","     ","     ","     ","     ","     ","     ","     ","0","0","0","0.0000","0.0000","0.0000","1990-01-01","1990-01-01","0","0","0","          ","2022-11-24"
"CV   ","58        ","40%SEÑAC/TRANS.RESTO C/TRANSPREVIA ALRETIRO","     ","     ","     ","     ","     ","     ","     ","     ","0","0","0","0.0000","0.0000","0.0000","1990-01-01","1990-01-01","0","0","0","          ","2024-05-24"
"SC   ","REJGR     ","REJILLA GRIS","NRO  ","     ","     ","     ","     ","     ","UNID ","     ","0","0","0","0.0000","0.0000","0.0000","1990-01-01","1990-01-01","0","1","0","          ","2024-12-10"
"SC   ","8PK       ","CORREA 8PK","NRO  ","     ","     ","     ","     ","     ","UNID ","     ","0","0","0","0.0000","0.0000","0.0000","1990-01-01","1990-01-01","1","1","0","          ","2025-04-10"
"SC   ","AVX13     ","AVX 13","NRO  ","     ","     ","     ","     ","     ","UNID ","     ","0","0","0","0.0000","0.0000","0.0000","1990-01-01","1990-01-01","1","1","0","          ","2025-04-10"
"SC   ","BX        ","BX","NRO  ","     ","     ","     ","     ","     ","UNID ","     ","0","0","0","0.0000","0.0000","0.0000","1990-01-01","1990-01-01","1","1","0","          ","2025-04-10"
"SC   ","AV13X     ","AVX13X2","NRO  ","     ","     ","     ","     ","     ","UNID ","     ","0","0","0","0.0000","0.0000","0.0000","1990-01-01","1990-01-01","1","1","0","          ","2025-04-10"
"SC   ","BX X2     ","BX X2","NRO  ","     ","     ","     ","     ","     ","UNID ","     ","0","0","0","0.0000","0.0000","0.0000","1990-01-01","1990-01-01","1","1","0","          ","2025-04-10"
